region_id,estimation_id,name,time
36,0,memory,4.008727272727273e-05
39,0,memory,0.10913472363636365
