region_id,estimation_id,name,time
27,0,memory,4.025636363636364e-05
30,0,memory,0.10846873545454545
